First name,Last name,Display name,User logon name,OU,Account status
Wade,Adams,Adams,Wade_A,"OU=Employees,OU=Users,OU=Agilenet,DC=ad,DC=go1-agilenet,DC=internal",Enabled
Dave,Baker,Baker,Dave_B,"OU=Employees,OU=Users,OU=Agilenet,DC=ad,DC=go1-agilenet,DC=internal",Enabled
Seth,Clark,Clark,Seth_C,"OU=Employees,OU=Users,OU=Agilenet,DC=ad,DC=go1-agilenet,DC=internal",Enabled
Ivan,Davis,Davis,Ivan_D,"OU=Employees,OU=Users,OU=Agilenet,DC=ad,DC=go1-agilenet,DC=internal",Enabled
Riley,Evans,Evans,Riley_E,"OU=Employees,OU=Users,OU=Agilenet,DC=ad,DC=go1-agilenet,DC=internal",Enabled
Gilbert,Frank,Frank,Gilbert_F,"OU=Employees,OU=Users,OU=Agilenet,DC=ad,DC=go1-agilenet,DC=internal",Enabled
Jorge,Ghosh,Ghosh,Jorge_G,"OU=Employees,OU=Users,OU=Agilenet,DC=ad,DC=go1-agilenet,DC=internal",Enabled
Dan,Hills,Hills,Dan_H,"OU=Employees,OU=Users,OU=Agilenet,DC=ad,DC=go1-agilenet,DC=internal",Enabled
Brian,Irwin,Irwin,Brian_I,"OU=Employees,OU=Users,OU=Agilenet,DC=ad,DC=go1-agilenet,DC=internal",Enabled
Roberto,Jones,Jones,Roberto_J,"OU=Employees,OU=Users,OU=Agilenet,DC=ad,DC=go1-agilenet,DC=internal",Enabled
Ramon,Klein,Klein,Ramon_K,"OU=Employees,OU=Users,OU=Agilenet,DC=ad,DC=go1-agilenet,DC=internal",Enabled
Miles,Lopez,Lopez,Miles_L,"OU=Employees,OU=Users,OU=Agilenet,DC=ad,DC=go1-agilenet,DC=internal",Enabled
Liam,Mason,Mason,Liam_M,"OU=Employees,OU=Users,OU=Agilenet,DC=ad,DC=go1-agilenet,DC=internal",Enabled
Nathaniel,Nalty,Nalty,Nathaniel_N,"OU=Employees,OU=Users,OU=Agilenet,DC=ad,DC=go1-agilenet,DC=internal",Enabled
Ethan,Ochoa,Ochoa,Ethan_O,"OU=Employees,OU=Users,OU=Agilenet,DC=ad,DC=go1-agilenet,DC=internal",Enabled
Lewis,Patel,Patel,Lewis_P,"OU=Employees,OU=Users,OU=Agilenet,DC=ad,DC=go1-agilenet,DC=internal",Enabled
Milton,Quinn,Quinn,Milton_Q,"OU=Employees,OU=Users,OU=Agilenet,DC=ad,DC=go1-agilenet,DC=internal",Enabled
Claude,Reily,Reily,Claude_R,"OU=Employees,OU=Users,OU=Agilenet,DC=ad,DC=go1-agilenet,DC=internal",Enabled
Joshua,Smith,Smith,Joshua_S,"OU=Employees,OU=Users,OU=Agilenet,DC=ad,DC=go1-agilenet,DC=internal",Enabled
Louis,Loquet,Louis,Louis_L,"OU=Employers,OU=Users,OU=Agilenet,DC=ad,DC=go1-agilenet,DC=internal",Enabled
Armin,Cailleeuw,Armin,Armin_C,"OU=Employers,OU=Users,OU=Agilenet,DC=ad,DC=go1-agilenet,DC=internal",Enabled
Charan,Chander,Charan,Charan_C,"OU=Employers,OU=Users,OU=Agilenet,DC=ad,DC=go1-agilenet,DC=internal",Enabled
Gianni,Van Cauwenberge,Gianni,Gianni_VC,"OU=Employers,OU=Users,OU=Agilenet,DC=ad,DC=go1-agilenet,DC=internal",Enabled
Renzo,Priels,Renzo,Renzo_P,"OU=Employers,OU=Users,OU=Agilenet,DC=ad,DC=go1-agilenet,DC=internal",Enabled
